produccion_toneladas,año,id_municipio,subregion
14088.0,2022,76233,Sur
6578.0,2022,76100,Norte
26000.0,2022,76243,Norte
186.0,2022,76001,Sur
2124.4,2022,76275,Sur
416.0,2022,76400,Norte
1110.0,2022,76306,Sur
12000.0,2022,76020,Norte
1957.0,2022,76250,Norte
1176.0,2022,76403,Norte
23700.0,2022,76246,Norte
1062.72,2022,76036,Centro
2550.0,2022,76147,Norte
1440.0,2022,76622,Norte
9780.0,2022,76054,Norte
8006.6,2022,76041,Norte
1410.0,2022,76823,Norte
465.0,2022,76109,Pacifico
280.0,2022,76111,Centro
2064.0,2022,76113,Centro
3462.94,2022,76126,Centro
23352.0,2022,76122,Centro
56.8,2022,76130,Sur
38786.0,2022,76828,Centro
4194.0,2022,76834,Centro
265.0,2022,76670,Centro
77832.0,2022,76736,Centro
12540.36,2022,76890,Centro
1848.0,2022,76318,Centro
33.48,2022,76895,Norte
625.0,2022,76364,Sur
387.0,2022,76892,Sur
2984.8,2022,76377,Sur
2545.2,2022,76845,Norte
4920.0,2022,76497,Norte
4519.0,2022,76863,Norte
4539.0,2021,76863,Norte
1590.25,2022,76520,Sur
1288.0,2022,76869,Sur
1200.0,2021,76869,Sur
120.0,2022,76563,Sur
5176.0,2022,76606,Centro
32184.0,2022,76616,Centro
14378.0,2021,76890,Centro
34960.0,2021,76828,Centro
4221.0,2021,76834,Centro
2545.0,2021,76845,Norte
305.0,2021,76892,Sur
56.0,2021,76895,Norte
90.0,2021,76563,Sur
1600.0,2021,76520,Sur
800.0,2021,76403,Norte
899.0,2021,76497,Norte
30101.0,2021,76736,Centro
1360.0,2021,76823,Norte
30584.0,2021,76616,Centro
910.0,2021,76622,Norte
300.0,2021,76670,Centro
198.0,2021,76001,Sur
23730.0,2021,76246,Norte
2224.0,2021,76275,Sur
1925.0,2021,76250,Norte
1841.0,2021,76147,Norte
7044.0,2021,76233,Sur
26000.0,2021,76243,Norte
2977.0,2021,76377,Sur
750.0,2021,76364,Sur
333.0,2021,76400,Norte
261.0,2021,76306,Sur
2136.0,2021,76318,Centro
11592.0,2021,76054,Norte
1330.0,2021,76109,Pacifico
6058.0,2021,76100,Norte
823.0,2021,76036,Centro
15288.0,2021,76020,Norte
8007.0,2021,76041,Norte
3243.0,2021,76126,Centro
25371.0,2021,76122,Centro
89.0,2021,76130,Sur
280.0,2021,76111,Centro
2024.0,2021,76113,Centro
33.0,2020,76895,Norte
7954.0,2020,76890,Centro
195.0,2020,76892,Sur
300.0,2020,76670,Centro
1360.0,2020,76823,Norte
30198.0,2020,76736,Centro
29929.0,2020,76616,Centro
930.0,2020,76622,Norte
2588.0,2020,76863,Norte
2545.0,2020,76845,Norte
1200.0,2020,76869,Sur
27800.0,2020,76828,Centro
4212.0,2020,76834,Centro
12540.0,2020,76020,Norte
451.0,2020,76036,Centro
198.0,2020,76001,Sur
1302.0,2020,76109,Pacifico
224.0,2020,76111,Centro
11004.0,2020,76054,Norte
7307.0,2020,76041,Norte
5109.0,2020,76100,Norte
2071.0,2020,76377,Sur
104.0,2020,76400,Norte
495.0,2020,76364,Sur
432.0,2020,76306,Sur
570.0,2020,76318,Centro
150.0,2020,76563,Sur
5176.0,2020,76606,Centro
1920.0,2020,76520,Sur
640.0,2020,76403,Norte
2265.0,2020,76497,Norte
52.0,2020,76130,Sur
1548.0,2020,76147,Norte
2024.0,2020,76113,Centro
1736.0,2020,76126,Centro
25371.0,2020,76122,Centro
2143.0,2020,76250,Norte
3252.0,2020,76275,Sur
16250.0,2020,76243,Norte
20322.0,2020,76233,Sur
10461.0,2020,76246,Norte
27816.0,2019,76828,Centro
2346.0,2019,76845,Norte
4230.0,2019,76834,Centro
40830.0,2019,76736,Centro
1280.0,2019,76823,Norte
7952.0,2019,76890,Centro
43.0,2019,76895,Norte
254.0,2019,76892,Sur
2888.0,2019,76863,Norte
1232.0,2019,76869,Sur
5174.0,2019,76100,Norte
1232.0,2019,76109,Pacifico
1680.0,2019,76036,Centro
11004.0,2019,76054,Norte
7086.0,2019,76041,Norte
23594.0,2019,76122,Centro
69.0,2019,76130,Sur
1672.0,2019,76126,Centro
156.0,2019,76111,Centro
2024.0,2019,76113,Centro
198.0,2019,76001,Sur
12540.0,2019,76020,Norte
1582.0,2019,76497,Norte
1416.0,2019,76520,Sur
309.0,2019,76400,Norte
2263.0,2019,76377,Sur
640.0,2019,76403,Norte
966.0,2019,76622,Norte
3942.0,2019,76606,Centro
100.0,2019,76563,Sur
30152.0,2019,76616,Centro
23745.0,2019,76246,Norte
16170.0,2019,76243,Norte
1548.0,2019,76147,Norte
16560.0,2019,76233,Sur
420.0,2019,76318,Centro
476.0,2019,76364,Sur
3252.0,2019,76275,Sur
1045.0,2019,76250,Norte
392.0,2019,76306,Sur
36718.0,2018,76828,Centro
2852.0,2018,76845,Norte
4221.0,2018,76834,Centro
76464.0,2018,76736,Centro
1450.0,2018,76823,Norte
9352.0,2018,76890,Centro
63.0,2018,76895,Norte
160.0,2018,76892,Sur
1978.0,2018,76863,Norte
1256.0,2018,76869,Sur
10584.0,2018,76054,Norte
1162.0,2018,76109,Pacifico
5356.0,2018,76100,Norte
1650.0,2018,76036,Centro
7086.0,2018,76041,Norte
23474.0,2018,76122,Centro
1672.0,2018,76126,Centro
132.0,2018,76111,Centro
1992.0,2018,76113,Centro
11205.0,2018,76020,Norte
198.0,2018,76001,Sur
4666.0,2018,76497,Norte
1416.0,2018,76520,Sur
760.0,2018,76403,Norte
3777.0,2018,76377,Sur
252.0,2018,76400,Norte
29912.0,2018,76616,Centro
930.0,2018,76622,Norte
100.0,2018,76563,Sur
3839.0,2018,76606,Centro
15870.0,2018,76243,Norte
23745.0,2018,76246,Norte
75.0,2018,76130,Sur
16485.0,2018,76233,Sur
1548.0,2018,76147,Norte
270.0,2018,76318,Centro
486.0,2018,76364,Sur
745.0,2018,76250,Norte
392.0,2018,76306,Sur
3240.0,2018,76275,Sur
1767.0,2017,76845,Norte
3704.0,2017,76834,Centro
1856.0,2017,76863,Norte
1420.0,2017,76823,Norte
38533.0,2017,76828,Centro
87.0,2017,76895,Norte
120.0,2017,76892,Sur
1424.0,2017,76869,Sur
10416.0,2017,76890,Centro
1162.0,2017,76109,Pacifico
4966.0,2017,76100,Norte
210.0,2017,76111,Centro
4656.0,2017,76041,Norte
10320.0,2017,76054,Norte
1536.0,2017,76126,Centro
80.0,2017,76130,Sur
1992.0,2017,76113,Centro
26055.0,2017,76122,Centro
11205.0,2017,76020,Norte
231.0,2017,76001,Sur
1020.0,2017,76036,Centro
1548.0,2017,76147,Norte
1416.0,2017,76520,Sur
100.0,2017,76563,Sur
1184.0,2017,76403,Norte
4416.0,2017,76497,Norte
3818.0,2017,76606,Centro
43200.0,2017,76736,Centro
29788.0,2017,76616,Centro
660.0,2017,76622,Norte
252.0,2017,76400,Norte
30792.0,2017,76246,Norte
730.0,2017,76250,Norte
4375.0,2017,76233,Sur
13000.0,2017,76243,Norte
5400.0,2017,76275,Sur
651.0,2017,76364,Sur
2184.0,2017,76377,Sur
400.0,2017,76306,Sur
992.0,2017,76318,Centro
40.0,2016,76892,Sur
87.0,2016,76895,Norte
1230.0,2016,76823,Norte
46176.0,2016,76736,Centro
38522.0,2016,76828,Centro
684.0,2016,76622,Norte
1408.0,2016,76869,Sur
1730.0,2016,76863,Norte
9968.0,2016,76890,Centro
3704.0,2016,76834,Centro
2655.0,2016,76845,Norte
9600.0,2016,76054,Norte
5551.0,2016,76100,Norte
150.0,2016,76036,Centro
4554.0,2016,76041,Norte
1960.0,2016,76113,Centro
1504.0,2016,76126,Centro
26514.0,2016,76122,Centro
1218.0,2016,76109,Pacifico
210.0,2016,76111,Centro
10000.0,2016,76020,Norte
161.0,2016,76001,Sur
179.0,2016,76400,Norte
2440.0,2016,76403,Norte
1208.0,2016,76364,Sur
2152.0,2016,76377,Sur
5184.0,2016,76606,Centro
28112.0,2016,76616,Centro
3348.0,2016,76497,Norte
70.0,2016,76563,Sur
1692.0,2016,76520,Sur
22374.0,2016,76233,Sur
66420.0,2016,76246,Norte
15210.0,2016,76243,Norte
80.0,2016,76130,Sur
1494.0,2016,76147,Norte
1071.0,2016,76306,Sur
3276.0,2016,76275,Sur
712.0,2016,76318,Centro
650.0,2016,76250,Norte
75.0,2015,76892,Sur
99.0,2015,76895,Norte
1000.0,2015,76823,Norte
34030.0,2015,76828,Centro
624.0,2015,76622,Norte
18250.0,2015,76736,Centro
1225.0,2015,76869,Sur
9930.0,2015,76890,Centro
3696.0,2015,76834,Centro
5200.0,2015,76845,Norte
1824.0,2015,76863,Norte
4992.0,2015,76100,Norte
910.0,2015,76109,Pacifico
18552.0,2015,76054,Norte
500.0,2015,76036,Centro
8280.0,2015,76041,Norte
24723.0,2015,76122,Centro
1560.0,2015,76126,Centro
210.0,2015,76111,Centro
1960.0,2015,76113,Centro
173.0,2015,76001,Sur
5275.0,2015,76020,Norte
1842.0,2015,76403,Norte
3990.0,2015,76497,Norte
714.0,2015,76364,Sur
2152.0,2015,76377,Sur
171.0,2015,76400,Norte
34210.0,2015,76616,Centro
3888.0,2015,76606,Centro
1368.0,2015,76520,Sur
70.0,2015,76563,Sur
6808.0,2015,76243,Norte
31320.0,2015,76246,Norte
26400.0,2015,76233,Sur
95.0,2015,76130,Sur
1440.0,2015,76147,Norte
666.0,2015,76306,Sur
735.0,2015,76318,Centro
850.0,2015,76250,Norte
2856.0,2015,76275,Sur
100.0,2014,76892,Sur
108.0,2014,76895,Norte
24858.0,2014,76736,Centro
1030.0,2014,76823,Norte
672.0,2014,76622,Norte
41760.0,2014,76828,Centro
3340.0,2014,76863,Norte
1211.0,2014,76869,Sur
10520.0,2014,76890,Centro
3776.0,2014,76834,Centro
5200.0,2014,76845,Norte
22995.0,2014,76054,Norte
4888.0,2014,76100,Norte
760.0,2014,76036,Centro
8280.0,2014,76041,Norte
840.0,2014,76109,Pacifico
24228.0,2014,76122,Centro
1604.0,2014,76126,Centro
1960.0,2014,76113,Centro
210.0,2014,76111,Centro
2750.0,2014,76020,Norte
248.0,2014,76001,Sur
221.0,2014,76400,Norte
1818.0,2014,76403,Norte
952.0,2014,76364,Sur
2132.0,2014,76377,Sur
3405.0,2014,76606,Centro
41112.0,2014,76616,Centro
3720.0,2014,76497,Norte
70.0,2014,76563,Sur
1368.0,2014,76520,Sur
27600.0,2014,76233,Sur
30800.0,2014,76246,Norte
5844.0,2014,76243,Norte
85.0,2014,76130,Sur
1440.0,2014,76147,Norte
1100.0,2014,76306,Sur
704.0,2014,76318,Centro
5600.0,2014,76275,Sur
900.0,2014,76250,Norte
3280.0,2013,76863,Norte
13629.0,2013,76845,Norte
1183.0,2013,76869,Sur
79650.0,2013,76828,Centro
3776.0,2013,76834,Centro
92.0,2013,76895,Norte
9269.0,2013,76890,Centro
100.0,2013,76892,Sur
70.0,2013,76563,Sur
3466.0,2013,76606,Centro
3528.0,2013,76497,Norte
1320.0,2013,76520,Sur
18250.0,2013,76736,Centro
1020.0,2013,76823,Norte
79650.0,2013,76616,Centro
636.0,2013,76622,Norte
1818.0,2013,76403,Norte
248.0,2013,76001,Sur
480.0,2013,76020,Norte
22335.0,2013,76054,Norte
959.0,2013,76109,Pacifico
4758.0,2013,76100,Norte
800.0,2013,76036,Centro
6322.0,2013,76041,Norte
5300.0,2013,76275,Sur
1176.0,2013,76306,Sur
30720.0,2013,76246,Norte
1680.0,2013,76250,Norte
2132.0,2013,76377,Sur
242.0,2013,76400,Norte
856.0,2013,76318,Centro
922.0,2013,76364,Sur
1960.0,2013,76113,Centro
22606.0,2013,76122,Centro
210.0,2013,76111,Centro
27600.0,2013,76233,Sur
6325.0,2013,76243,Norte
80.0,2013,76130,Sur
1353.0,2013,76126,Centro
1440.0,2013,76147,Norte
2760.0,2012,76863,Norte
3080.0,2012,76869,Sur
10774.0,2012,76845,Norte
7003.0,2012,76828,Centro
3776.0,2012,76834,Centro
82.0,2012,76895,Norte
8115.0,2012,76890,Centro
90.0,2012,76892,Sur
3487.0,2012,76606,Centro
10838.0,2012,76616,Centro
70.0,2012,76563,Sur
3480.0,2012,76497,Norte
1980.0,2012,76520,Sur
105000.0,2012,76736,Centro
2980.0,2012,76823,Norte
396.0,2012,76622,Norte
1413.0,2012,76670,Centro
144.0,2012,76001,Sur
1090.0,2012,76020,Norte
4784.0,2012,76100,Norte
994.0,2012,76109,Pacifico
5254.0,2012,76041,Norte
22080.0,2012,76054,Norte
1519.0,2012,76306,Sur
680.0,2012,76318,Centro
1022.0,2012,76250,Norte
4120.0,2012,76275,Sur
242.0,2012,76400,Norte
1722.0,2012,76403,Norte
662.0,2012,76364,Sur
2161.0,2012,76377,Sur
15622.0,2012,76122,Centro
1269.0,2012,76126,Centro
6300.0,2012,76111,Centro
1960.0,2012,76113,Centro
4410.0,2012,76243,Norte
42080.0,2012,76246,Norte
3952.0,2012,76233,Sur
70.0,2012,76130,Sur
1422.0,2012,76147,Norte
1836.0,2011,76863,Norte
1001.0,2011,76869,Sur
7992.0,2011,76890,Centro
3672.0,2011,76834,Centro
9638.0,2011,76845,Norte
180.0,2011,76892,Sur
136.0,2011,76895,Norte
10804.0,2011,76616,Centro
2160.0,2011,76520,Sur
3229.0,2011,76606,Centro
70.0,2011,76563,Sur
237.0,2011,76622,Norte
2990.0,2011,76823,Norte
6795.0,2011,76828,Centro
1413.0,2011,76670,Centro
68240.0,2011,76736,Centro
846.0,2011,76020,Norte
5790.0,2011,76041,Norte
456.0,2011,76001,Sur
994.0,2011,76109,Pacifico
6300.0,2011,76111,Centro
16080.0,2011,76054,Norte
4459.0,2011,76100,Norte
1240.0,2011,76306,Sur
980.0,2011,76318,Centro
340.0,2011,76250,Norte
4120.0,2011,76275,Sur
1722.0,2011,76403,Norte
3116.0,2011,76497,Norte
2061.0,2011,76377,Sur
1500.0,2011,76364,Sur
299.0,2011,76400,Norte
1194.0,2011,76126,Centro
60.0,2011,76130,Sur
1960.0,2011,76113,Centro
8490.0,2011,76122,Centro
42095.0,2011,76246,Norte
1377.0,2011,76147,Norte
456.0,2011,76233,Sur
6340.0,2011,76243,Norte
959.0,2010,76869,Sur
7931.0,2010,76890,Centro
2238.0,2010,76863,Norte
3728.0,2010,76834,Centro
9802.0,2010,76845,Norte
180.0,2010,76892,Sur
126.0,2010,76895,Norte
3091.0,2010,76606,Centro
10804.0,2010,76616,Centro
2949.0,2010,76497,Norte
2160.0,2010,76520,Sur
70.0,2010,76563,Sur
2860.0,2010,76823,Norte
6795.0,2010,76828,Centro
47208.0,2010,76736,Centro
456.0,2010,76622,Norte
1413.0,2010,76670,Centro
600.0,2010,76036,Centro
2040.0,2010,76020,Norte
504.0,2010,76001,Sur
735.0,2010,76109,Pacifico
3700.0,2010,76111,Centro
4693.0,2010,76100,Norte
4969.0,2010,76041,Norte
19080.0,2010,76054,Norte
994.0,2010,76306,Sur
980.0,2010,76318,Centro
400.0,2010,76250,Norte
4120.0,2010,76275,Sur
1740.0,2010,76403,Norte
230.0,2010,76400,Norte
3664.0,2010,76364,Sur
2021.0,2010,76377,Sur
1236.0,2010,76126,Centro
60.0,2010,76130,Sur
1960.0,2010,76113,Centro
13509.0,2010,76122,Centro
6662.0,2010,76243,Norte
31740.0,2010,76246,Norte
1368.0,2010,76147,Norte
3952.0,2010,76233,Sur
889.0,2009,76869,Sur
5682.0,2009,76890,Centro
3220.0,2009,76863,Norte
3728.0,2009,76834,Centro
4185.0,2009,76845,Norte
192.0,2009,76892,Sur
98.0,2009,76895,Norte
5882.0,2009,76828,Centro
3003.0,2009,76606,Centro
10802.0,2009,76616,Centro
2700.0,2009,76497,Norte
70.0,2009,76563,Sur
2160.0,2009,76520,Sur
12249.0,2009,76736,Centro
2830.0,2009,76823,Norte
456.0,2009,76622,Norte
1395.0,2009,76670,Centro
1071.0,2009,76020,Norte
560.0,2009,76036,Centro
300.0,2009,76001,Sur
4238.0,2009,76100,Norte
735.0,2009,76109,Pacifico
4966.0,2009,76041,Norte
16080.0,2009,76054,Norte
2737.0,2009,76111,Centro
994.0,2009,76306,Sur
465.0,2009,76318,Centro
400.0,2009,76250,Norte
3330.0,2009,76275,Sur
1680.0,2009,76403,Norte
173.0,2009,76400,Norte
1128.0,2009,76364,Sur
2028.0,2009,76377,Sur
1212.0,2009,76126,Centro
100.0,2009,76130,Sur
16359.0,2009,76122,Centro
2320.0,2009,76113,Centro
6333.0,2009,76243,Norte
31366.0,2009,76246,Norte
60.0,2009,76248,Sur
1206.0,2009,76147,Norte
2945.0,2009,76233,Sur
1764.0,2008,76863,Norte
896.0,2008,76869,Sur
2448.0,2008,76890,Centro
5760.0,2008,76828,Centro
2121.0,2008,76845,Norte
2160.0,2008,76834,Centro
192.0,2008,76892,Sur
182.0,2008,76895,Norte
2915.0,2008,76606,Centro
8996.0,2008,76616,Centro
2700.0,2008,76497,Norte
70.0,2008,76563,Sur
2160.0,2008,76520,Sur
12960.0,2008,76736,Centro
2830.0,2008,76823,Norte
690.0,2008,76622,Norte
1395.0,2008,76670,Centro
2633.0,2008,76020,Norte
270.0,2008,76036,Centro
69.0,2008,76001,Sur
770.0,2008,76109,Pacifico
3926.0,2008,76100,Norte
4420.0,2008,76111,Centro
2831.0,2008,76041,Norte
14290.0,2008,76054,Norte
828.0,2008,76306,Sur
465.0,2008,76318,Centro
1359.0,2008,76250,Norte
3450.0,2008,76275,Sur
299.0,2008,76400,Norte
1692.0,2008,76403,Norte
750.0,2008,76364,Sur
465.0,2008,76377,Sur
1200.0,2008,76126,Centro
100.0,2008,76130,Sur
2440.0,2008,76113,Centro
16781.0,2008,76122,Centro
15471.0,2008,76246,Norte
5746.0,2008,76243,Norte
60.0,2008,76248,Sur
1206.0,2008,76147,Norte
4370.0,2008,76233,Sur
4710.0,2007,76890,Centro
240.0,2007,76892,Sur
1310.0,2007,76845,Norte
2520.0,2007,76863,Norte
780.0,2007,76869,Sur
182.0,2007,76895,Norte
16268.0,2007,76616,Centro
680.0,2007,76622,Norte
100.0,2007,76563,Sur
2160.0,2007,76520,Sur
3180.0,2007,76606,Centro
6300.0,2007,76828,Centro
800.0,2007,76834,Centro
1395.0,2007,76670,Centro
12960.0,2007,76736,Centro
1981.0,2007,76823,Norte
592.0,2007,76036,Centro
3920.0,2007,76041,Norte
3762.0,2007,76020,Norte
390.0,2007,76001,Sur
770.0,2007,76109,Pacifico
5520.0,2007,76111,Centro
20560.0,2007,76054,Norte
3770.0,2007,76100,Norte
840.0,2007,76318,Centro
1173.0,2007,76364,Sur
3120.0,2007,76275,Sur
828.0,2007,76306,Sur
1628.0,2007,76377,Sur
1698.0,2007,76403,Norte
5168.0,2007,76497,Norte
550.0,2007,76400,Norte
1305.0,2007,76147,Norte
5966.0,2007,76233,Sur
20472.0,2007,76122,Centro
2560.0,2007,76113,Centro
100.0,2007,76130,Sur
215.0,2007,76248,Sur
1200.0,2007,76250,Norte
1200.0,2007,76126,Centro
2880.0,2007,76243,Norte
6525.0,2007,76246,Norte
4812.0,2006,76890,Centro
184.0,2006,76892,Sur
299.0,2006,76895,Norte
2380.0,2006,76863,Norte
1080.0,2006,76869,Sur
680.0,2006,76622,Norte
1575.0,2006,76670,Centro
3150.0,2006,76606,Centro
9800.0,2006,76616,Centro
5850.0,2006,76828,Centro
1100.0,2006,76845,Norte
6000.0,2006,76834,Centro
14840.0,2006,76736,Centro
1960.0,2006,76823,Norte
3800.0,2006,76041,Norte
21210.0,2006,76054,Norte
6372.0,2006,76020,Norte
1440.0,2006,76001,Sur
500.0,2006,76036,Centro
5316.0,2006,76111,Centro
21299.0,2006,76122,Centro
2296.0,2006,76113,Centro
3770.0,2006,76100,Norte
770.0,2006,76109,Pacifico
1260.0,2006,76364,Sur
1820.0,2006,76377,Sur
828.0,2006,76306,Sur
840.0,2006,76318,Centro
3920.0,2006,76497,Norte
100.0,2006,76563,Sur
2550.0,2006,76520,Sur
550.0,2006,76400,Norte
1680.0,2006,76403,Norte
4345.0,2006,76233,Sur
1200.0,2006,76126,Centro
2880.0,2006,76243,Norte
100.0,2006,76130,Sur
1827.0,2006,76147,Norte
1480.0,2006,76250,Norte
286.0,2006,76275,Sur
6364.0,2006,76246,Norte
200.0,2006,76248,Sur
188.0,2005,76892,Sur
140.0,2005,76895,Norte
5348.0,2005,76890,Centro
2412.0,2005,76863,Norte
1064.0,2005,76869,Sur
985.0,2005,76845,Norte
9800.0,2005,76616,Centro
840.0,2005,76622,Norte
100.0,2005,76563,Sur
3090.0,2005,76606,Centro
5130.0,2005,76828,Centro
4000.0,2005,76834,Centro
14560.0,2005,76736,Centro
1647.0,2005,76670,Centro
1960.0,2005,76823,Norte
6155.0,2005,76520,Sur
1243.0,2005,76001,Sur
2745.0,2005,76020,Norte
21084.0,2005,76054,Norte
1523.0,2005,76109,Pacifico
3250.0,2005,76100,Norte
428.0,2005,76036,Centro
3719.0,2005,76041,Norte
875.0,2005,76318,Centro
1001.0,2005,76364,Sur
3053.0,2005,76275,Sur
1105.0,2005,76306,Sur
1680.0,2005,76403,Norte
3912.0,2005,76497,Norte
1785.0,2005,76377,Sur
673.0,2005,76400,Norte
1615.0,2005,76250,Norte
74.0,2005,76130,Sur
10421.0,2005,76122,Centro
1827.0,2005,76147,Norte
5184.0,2005,76111,Centro
2624.0,2005,76113,Centro
6364.0,2005,76246,Norte
200.0,2005,76248,Sur
2800.0,2005,76243,Norte
5000.0,2005,76233,Sur
1200.0,2005,76126,Centro
131.0,2004,76895,Norte
184.0,2004,76892,Sur
10951.0,2004,76736,Centro
2199.0,2004,76823,Norte
875.0,2004,76622,Norte
1647.0,2004,76670,Centro
665.0,2004,76869,Sur
2412.0,2004,76863,Norte
5207.0,2004,76890,Centro
4266.0,2004,76828,Centro
972.0,2004,76845,Norte
3856.0,2004,76834,Centro
838.0,2004,76020,Norte
3662.0,2004,76041,Norte
248.0,2004,76036,Centro
1043.0,2004,76001,Sur
4994.0,2004,76111,Centro
862.0,2004,76109,Pacifico
3240.0,2004,76113,Centro
7554.0,2004,76054,Norte
3522.0,2004,76100,Norte
673.0,2004,76400,Norte
1750.0,2004,76377,Sur
1669.0,2004,76403,Norte
2639.0,2004,76318,Centro
505.0,2004,76364,Sur
2879.0,2004,76606,Centro
134.0,2004,76563,Sur
9081.0,2004,76616,Centro
4632.0,2004,76497,Norte
6155.0,2004,76520,Sur
8390.0,2004,76233,Sur
2106.0,2004,76243,Norte
2111.0,2004,76126,Centro
74.0,2004,76130,Sur
16016.0,2004,76122,Centro
1883.0,2004,76147,Norte
3135.0,2004,76275,Sur
1043.0,2004,76306,Sur
6166.0,2004,76246,Norte
1766.0,2004,76250,Norte
875.0,2004,76248,Sur
220.0,2003,76895,Norte
4646.0,2003,76890,Centro
184.0,2003,76892,Sur
645.0,2003,76869,Sur
1243.0,2003,76622,Norte
1634.0,2003,76670,Centro
9450.0,2003,76736,Centro
3439.0,2003,76606,Centro
9081.0,2003,76616,Centro
657.0,2003,76845,Norte
4121.0,2003,76834,Centro
2478.0,2003,76863,Norte
2135.0,2003,76823,Norte
4149.0,2003,76828,Centro
2442.0,2003,76020,Norte
473.0,2003,76036,Centro
1440.0,2003,76001,Sur
2093.0,2003,76109,Pacifico
3835.0,2003,76100,Norte
4444.0,2003,76111,Centro
4736.0,2003,76041,Norte
4518.0,2003,76054,Norte
350.0,2003,76364,Sur
1946.0,2003,76377,Sur
2553.0,2003,76275,Sur
1043.0,2003,76306,Sur
7112.0,2003,76318,Centro
3839.0,2003,76497,Norte
6156.0,2003,76520,Sur
130.0,2003,76563,Sur
653.0,2003,76400,Norte
1755.0,2003,76403,Norte
1626.0,2003,76147,Norte
4602.0,2003,76233,Sur
72.0,2003,76130,Sur
3247.0,2003,76113,Centro
15850.0,2003,76122,Centro
1194.0,2003,76248,Sur
1950.0,2003,76250,Norte
2049.0,2003,76126,Centro
5831.0,2003,76246,Norte
2604.0,2003,76243,Norte
190.0,2002,76895,Norte
4617.0,2002,76890,Centro
176.0,2002,76892,Sur
600.0,2002,76869,Sur
723.0,2002,76622,Norte
1409.0,2002,76670,Centro
8820.0,2002,76736,Centro
2856.0,2002,76606,Centro
8667.0,2002,76616,Centro
357.0,2002,76845,Norte
3926.0,2002,76834,Centro
2408.0,2002,76863,Norte
1890.0,2002,76823,Norte
4149.0,2002,76828,Centro
2415.0,2002,76020,Norte
465.0,2002,76036,Centro
1650.0,2002,76001,Sur
1522.0,2002,76109,Pacifico
3549.0,2002,76100,Norte
4345.0,2002,76111,Centro
5310.0,2002,76041,Norte
3573.0,2002,76054,Norte
311.0,2002,76364,Sur
1918.0,2002,76377,Sur
1043.0,2002,76306,Sur
7048.0,2002,76318,Centro
2160.0,2002,76520,Sur
130.0,2002,76563,Sur
3619.0,2002,76497,Norte
590.0,2002,76400,Norte
1584.0,2002,76403,Norte
2424.0,2002,76275,Sur
1626.0,2002,76147,Norte
5310.0,2002,76233,Sur
2927.0,2002,76113,Centro
54.0,2002,76130,Sur
15448.0,2002,76122,Centro
1182.0,2002,76248,Sur
1853.0,2002,76250,Norte
2049.0,2002,76126,Centro
2683.0,2002,76243,Norte
6090.0,2002,76246,Norte
160.0,2001,76892,Sur
175.0,2001,76895,Norte
5544.0,2001,76736,Centro
1610.0,2001,76823,Norte
580.0,2001,76622,Norte
1508.0,2001,76670,Centro
350.0,2001,76869,Sur
2450.0,2001,76863,Norte
4524.0,2001,76890,Centro
4131.0,2001,76828,Centro
254.0,2001,76845,Norte
3960.0,2001,76834,Centro
525.0,2001,76036,Centro
5022.0,2001,76041,Norte
1550.0,2001,76001,Sur
2907.0,2001,76020,Norte
4092.0,2001,76111,Centro
2552.0,2001,76113,Centro
2925.0,2001,76054,Norte
1522.0,2001,76109,Pacifico
3640.0,2001,76100,Norte
10822.0,2001,76122,Centro
1827.0,2001,76377,Sur
781.0,2001,76400,Norte
1584.0,2001,76403,Norte
6648.0,2001,76318,Centro
311.0,2001,76364,Sur
3036.0,2001,76606,Centro
130.0,2001,76563,Sur
7722.0,2001,76616,Centro
3729.0,2001,76497,Norte
2496.0,2001,76520,Sur
1929.0,2001,76126,Centro
5310.0,2001,76233,Sur
2720.0,2001,76243,Norte
113.0,2001,76130,Sur
1626.0,2001,76147,Norte
1744.0,2001,76275,Sur
763.0,2001,76306,Sur
6090.0,2001,76246,Norte
1853.0,2001,76250,Norte
1254.0,2001,76248,Sur
280.0,2000,76892,Sur
180.0,2000,76895,Norte
5544.0,2000,76736,Centro
1890.0,2000,76823,Norte
853.0,2000,76622,Norte
1170.0,2000,76670,Centro
2450.0,2000,76863,Norte
500.0,2000,76869,Sur
4611.0,2000,76890,Centro
3902.0,2000,76828,Centro
171.0,2000,76845,Norte
3987.0,2000,76834,Centro
8410.0,2000,76616,Centro
525.0,2000,76036,Centro
5022.0,2000,76041,Norte
2925.0,2000,76054,Norte
1600.0,2000,76001,Sur
2205.0,2000,76020,Norte
3206.0,2000,76113,Centro
27807.0,2000,76122,Centro
3952.0,2000,76100,Norte
1513.0,2000,76109,Pacifico
3575.0,2000,76111,Centro
3380.0,2000,76377,Sur
191.0,2000,76400,Norte
6800.0,2000,76318,Centro
150.0,2000,76364,Sur
1584.0,2000,76403,Norte
130.0,2000,76563,Sur
3156.0,2000,76606,Centro
3146.0,2000,76497,Norte
2592.0,2000,76520,Sur
1278.0,2000,76126,Centro
4635.0,2000,76233,Sur
2400.0,2000,76243,Norte
176.0,2000,76130,Sur
3700.0,2000,76147,Norte
4620.0,2000,76275,Sur
560.0,2000,76306,Sur
6090.0,2000,76246,Norte
1254.0,2000,76248,Sur
1980.0,2000,76250,Norte
